subject,probe,structure,threshold_s,early_area_norm,late_area_norm,incline_norm,incline_ratio,n_intrusions_le_thr,nod_intrusion_off_area
CNPIX2-Segundo,imec0,PPC,0,0.008448809523809525,0.020718650793650796,0.012269841269841271,2.452256822131417,0,0.0
CNPIX2-Segundo,imec0,PPC,1,0.008448809523809525,0.020718650793650796,0.012269841269841271,2.452256822131417,0,0.0
CNPIX2-Segundo,imec0,PPC,2,0.008448809523809525,0.020718650793650796,0.012269841269841271,2.452256822131417,1,4.201428571428572
CNPIX2-Segundo,imec0,PPC,3,0.008448809523809525,0.020718650793650796,0.012269841269841271,2.452256822131417,8,46.19428571428572
CNPIX2-Segundo,imec0,PPC,4,0.008448809523809525,0.020718650793650796,0.012269841269841271,2.452256822131417,9,53.212857142857146
CNPIX2-Segundo,imec0,PPC,5,0.008448809523809525,0.020718650793650796,0.012269841269841271,2.452256822131417,12,84.01428571428572
CNPIX2-Segundo,imec0,PPC,6,0.008448809523809525,0.026223015873015877,0.017774206349206352,3.1037527593818983,15,116.4257142857143
CNPIX2-Segundo,imec0,PPC,7,0.008448809523809525,0.029469047619047624,0.0210202380952381,3.487952656051853,16,128.11142857142858
CNPIX2-Segundo,imec0,PPC,8,0.008448809523809525,0.0347,0.026251190476190477,4.107087501761307,18,173.01714285714286
CNPIX2-Segundo,imec0,PPC,9,0.008448809523809525,0.0347,0.026251190476190477,4.107087501761307,20,223.61
CNPIX2-Segundo,imec0,PPC,10,0.008448809523809525,0.0347,0.026251190476190477,4.107087501761307,20,223.61
CNPIX4-Doppio,imec1,M2,0,0.01909985935302391,0.05855502812939521,0.0394551687763713,3.0657308541973487,0,0.0
CNPIX4-Doppio,imec1,M2,1,0.01909985935302391,0.05855502812939521,0.0394551687763713,3.0657308541973487,0,0.0
CNPIX4-Doppio,imec1,M2,2,0.01909985935302391,0.05855502812939521,0.0394551687763713,3.0657308541973487,1,6.0329113924050635
CNPIX4-Doppio,imec1,M2,3,0.01909985935302391,0.06299560478199719,0.043895745428973273,3.2982234904270986,9,63.7253164556962
CNPIX4-Doppio,imec1,M2,4,0.01909985935302391,0.07715330520393811,0.058053445850914195,4.039469808541973,23,222.31645569620255
CNPIX4-Doppio,imec1,M2,5,0.01909985935302391,0.0926362517580872,0.0735363924050633,4.850101251840943,30,326.2664556962025
CNPIX4-Doppio,imec1,M2,6,0.01909985935302391,0.0926362517580872,0.0735363924050633,4.850101251840943,31,344.7367088607595
CNPIX4-Doppio,imec1,M2,7,0.01909985935302391,0.09775896624472573,0.07865910689170182,5.118308173784977,34,403.7803797468354
CNPIX4-Doppio,imec1,M2,8,0.01909985935302391,0.10440576652601967,0.08530590717299576,5.466310751104564,37,494.1892405063291
CNPIX4-Doppio,imec1,M2,9,0.026061884669479604,0.11385654008438817,0.08779465541490857,4.3686994063680515,40,582.6056962025316
CNPIX4-Doppio,imec1,M2,10,0.026061884669479604,0.11385654008438817,0.08779465541490857,4.3686994063680515,41,621.0259493670886
CNPIX4-Doppio,imec1,MO,0,0.04429656862745098,0.08260089869281045,0.03830433006535947,1.8647245430568617,0,0.0
CNPIX4-Doppio,imec1,MO,1,0.04429656862745098,0.08260089869281045,0.03830433006535947,1.8647245430568617,0,0.0
CNPIX4-Doppio,imec1,MO,2,0.04429656862745098,0.08260089869281045,0.03830433006535947,1.8647245430568617,1,6.610294117647059
CNPIX4-Doppio,imec1,MO,3,0.04429656862745098,0.08643341503267975,0.042136846405228766,1.9512440288459767,9,61.5
CNPIX4-Doppio,imec1,MO,4,0.04429656862745098,0.09737704248366014,0.053080473856209155,2.1982976447370848,23,192.04558823529408
CNPIX4-Doppio,imec1,MO,5,0.04429656862745098,0.11138071895424838,0.0670841503267974,2.514432210110847,30,285.060294117647
CNPIX4-Doppio,imec1,MO,6,0.04429656862745098,0.11138071895424838,0.0670841503267974,2.514432210110847,31,294.6955882352941
CNPIX4-Doppio,imec1,MO,7,0.04429656862745098,0.1155531045751634,0.07125653594771242,2.6086242830004243,34,342.4
CNPIX4-Doppio,imec1,MO,8,0.04429656862745098,0.12433986928104575,0.08004330065359477,2.806986480753979,37,430.35588235294114
CNPIX4-Doppio,imec1,MO,9,0.050851307189542484,0.1320531045751634,0.08120179738562092,2.596847787667491,40,507.71617647058827
CNPIX4-Doppio,imec1,MO,10,0.050851307189542484,0.1320531045751634,0.08120179738562092,2.596847787667491,41,536.9735294117647
CNPIX4-Doppio,imec1,PrL,0,0.039470185185185185,0.07792814814814815,0.038457962962962965,1.9743547637926424,0,0.0
CNPIX4-Doppio,imec1,PrL,1,0.039470185185185185,0.07792814814814815,0.038457962962962965,1.9743547637926424,0,0.0
CNPIX4-Doppio,imec1,PrL,2,0.039470185185185185,0.07792814814814815,0.038457962962962965,1.9743547637926424,1,6.4446666666666665
CNPIX4-Doppio,imec1,PrL,3,0.039470185185185185,0.08231296296296296,0.04284277777777778,2.0854465864998897,9,66.92333333333333
CNPIX4-Doppio,imec1,PrL,4,0.039470185185185185,0.09489296296296296,0.05542277777777777,2.4041681719441303,23,202.90599999999998
CNPIX4-Doppio,imec1,PrL,5,0.039470185185185185,0.11095444444444445,0.07148425925925928,2.8110951069489865,30,303.4686666666667
CNPIX4-Doppio,imec1,PrL,6,0.039470185185185185,0.11095444444444445,0.07148425925925928,2.8110951069489865,31,318.65600000000006
CNPIX4-Doppio,imec1,PrL,7,0.039470185185185185,0.11537055555555556,0.07590037037037037,2.922979839447497,34,371.1
CNPIX4-Doppio,imec1,PrL,8,0.039470185185185185,0.12425629629629631,0.08478611111111112,3.1481052271053165,37,459.97400000000005
CNPIX4-Doppio,imec1,PrL,9,0.04596851851851852,0.13237296296296297,0.08640444444444445,2.8796438786609193,40,537.0813333333333
CNPIX4-Doppio,imec1,PrL,10,0.04596851851851852,0.13237296296296297,0.08640444444444445,2.8796438786609193,41,569.268
CNPIX6-Eugene,imec0,PPC,0,0.005849999999999998,0.005306746031746033,-0.0005432539682539653,0.907136073802741,0,0.0
CNPIX6-Eugene,imec0,PPC,1,0.005849999999999998,0.005306746031746033,-0.0005432539682539653,0.907136073802741,1,2.672857142857143
CNPIX6-Eugene,imec0,PPC,2,0.005849999999999998,0.005635714285714287,-0.00021428571428571113,0.9633699633699639,15,51.46285714285714
CNPIX6-Eugene,imec0,PPC,3,0.005849999999999998,0.005635714285714287,-0.00021428571428571113,0.9633699633699639,16,57.99285714285715
CNPIX6-Eugene,imec0,PPC,4,0.005849999999999998,0.005635714285714287,-0.00021428571428571113,0.9633699633699639,24,131.97
CNPIX6-Eugene,imec0,PPC,5,0.005849999999999998,0.010314285714285715,0.004464285714285717,1.7631257631257637,27,168.79999999999998
CNPIX6-Eugene,imec0,PPC,6,0.005849999999999998,0.010314285714285715,0.004464285714285717,1.7631257631257637,29,193.44714285714284
CNPIX6-Eugene,imec0,PPC,7,0.005849999999999998,0.010314285714285715,0.004464285714285717,1.7631257631257637,31,229.18571428571434
CNPIX6-Eugene,imec0,PPC,8,0.005849999999999998,0.010314285714285715,0.004464285714285717,1.7631257631257637,34,303.9042857142857
CNPIX6-Eugene,imec0,PPC,9,0.005849999999999998,0.010314285714285715,0.004464285714285717,1.7631257631257637,37,390.92285714285714
CNPIX6-Eugene,imec0,PPC,10,0.005849999999999998,0.010314285714285715,0.004464285714285717,1.7631257631257637,37,390.92285714285714
CNPIX8-Allan,imec0,Cg1,0,0.01105813953488372,0.023234496124031008,0.012176356589147288,2.1011216263582195,0,0.0
CNPIX8-Allan,imec0,Cg1,1,0.01105813953488372,0.023234496124031008,0.012176356589147288,2.1011216263582195,0,0.0
CNPIX8-Allan,imec0,Cg1,2,0.01105813953488372,0.023875322997416022,0.012817183462532302,2.1590723215328897,2,4.322093023255814
CNPIX8-Allan,imec0,Cg1,3,0.01105813953488372,0.023875322997416022,0.012817183462532302,2.1590723215328897,5,11.036046511627907
CNPIX8-Allan,imec0,Cg1,4,0.01105813953488372,0.02705587855297158,0.01599773901808786,2.446693538964833,8,22.486046511627904
CNPIX8-Allan,imec0,Cg1,5,0.01105813953488372,0.028966085271317832,0.01790794573643411,2.6194356817385214,9,29.362790697674416
CNPIX8-Allan,imec0,Cg1,6,0.01105813953488372,0.03016279069767442,0.019104651162790698,2.727655099894848,12,46.46511627906976
CNPIX8-Allan,imec0,Cg1,7,0.01105813953488372,0.03016279069767442,0.019104651162790698,2.727655099894848,13,53.94767441860464
CNPIX8-Allan,imec0,Cg1,8,0.01105813953488372,0.03016279069767442,0.019104651162790698,2.727655099894848,14,63.33023255813952
CNPIX8-Allan,imec0,Cg1,9,0.01105813953488372,0.03016279069767442,0.019104651162790698,2.727655099894848,16,78.3546511627907
CNPIX8-Allan,imec0,Cg1,10,0.01105813953488372,0.032834948320413435,0.021776808785529712,2.9693013202476926,18,102.63953488372093
CNPIX8-Allan,imec0,IL,0,0.12329493464052288,0.11453513071895426,-0.008759803921568624,0.9289524427981685,0,0.0
CNPIX8-Allan,imec0,IL,1,0.12329493464052288,0.11453513071895426,-0.008759803921568624,0.9289524427981685,0,0.0
CNPIX8-Allan,imec0,IL,2,0.12329493464052288,0.11508946078431374,-0.008205473856209136,0.9334484106736995,2,3.2676470588235293
CNPIX8-Allan,imec0,IL,3,0.12329493464052288,0.11508946078431374,-0.008205473856209136,0.9334484106736995,5,8.638235294117647
CNPIX8-Allan,imec0,IL,4,0.12329493464052288,0.11872957516339872,-0.004565359477124165,0.962972043495259,8,21.74264705882353
CNPIX8-Allan,imec0,IL,5,0.12329493464052288,0.11996813725490198,-0.0033267973856209027,0.9730175664124364,9,26.201470588235296
CNPIX8-Allan,imec0,IL,6,0.12329493464052288,0.1211450163398693,-0.002149918300653586,0.9825628010840683,12,43.841176470588245
CNPIX8-Allan,imec0,IL,7,0.12329493464052288,0.1211450163398693,-0.002149918300653586,0.9825628010840683,13,51.722058823529416
CNPIX8-Allan,imec0,IL,8,0.12329493464052288,0.1211450163398693,-0.002149918300653586,0.9825628010840683,14,59.845588235294116
CNPIX8-Allan,imec0,IL,9,0.12329493464052288,0.1211450163398693,-0.002149918300653586,0.9825628010840683,16,71.12794117647059
CNPIX8-Allan,imec0,IL,10,0.12329493464052288,0.12450367647058824,0.001208741830065363,1.0098036617123773,18,94.89411764705882
CNPIX8-Allan,imec0,M2,0,0.010865640096618358,0.02693961352657005,0.01607397342995169,2.4793397615805706,0,0.0
CNPIX8-Allan,imec0,M2,1,0.010865640096618358,0.02693961352657005,0.01607397342995169,2.4793397615805706,0,0.0
CNPIX8-Allan,imec0,M2,2,0.010865640096618358,0.0280655193236715,0.01719987922705314,2.5829605135187705,2,7.776086956521739
CNPIX8-Allan,imec0,M2,3,0.010865640096618358,0.0280655193236715,0.01719987922705314,2.5829605135187705,5,21.006521739130438
CNPIX8-Allan,imec0,M2,4,0.010865640096618358,0.03341425120772947,0.022548611111111113,3.075221607802818,8,40.26195652173914
CNPIX8-Allan,imec0,M2,5,0.010865640096618358,0.03567844202898551,0.024812801932367155,3.283602411982105,9,48.413043478260875
CNPIX8-Allan,imec0,M2,6,0.010865640096618358,0.03804679951690822,0.02718115942028986,3.501570011393003,12,76.825
CNPIX8-Allan,imec0,M2,7,0.010865640096618358,0.03804679951690822,0.02718115942028986,3.501570011393003,13,87.69782608695652
CNPIX8-Allan,imec0,M2,8,0.010865640096618358,0.03804679951690822,0.02718115942028986,3.501570011393003,14,101.40978260869565
CNPIX8-Allan,imec0,M2,9,0.010865640096618358,0.03804679951690822,0.02718115942028986,3.501570011393003,16,125.95652173913044
CNPIX8-Allan,imec0,M2,10,0.010865640096618358,0.04148188405797102,0.030616243961352662,3.8177119515380555,18,160.76304347826084
CNPIX8-Allan,imec0,PrL,0,0.030170392953929537,0.03878319783197832,0.008612804878048781,1.2854720815602438,0,0.0
CNPIX8-Allan,imec0,PrL,1,0.030170392953929537,0.03878319783197832,0.008612804878048781,1.2854720815602438,0,0.0
CNPIX8-Allan,imec0,PrL,2,0.030170392953929537,0.03959180216802168,0.009421409214092145,1.312273334605841,2,4.682926829268293
CNPIX8-Allan,imec0,PrL,3,0.030170392953929537,0.03959180216802168,0.009421409214092145,1.312273334605841,5,13.31219512195122
CNPIX8-Allan,imec0,PrL,4,0.030170392953929537,0.042869579945799464,0.012699186991869928,1.4209155317022786,8,25.112195121951224
CNPIX8-Allan,imec0,PrL,5,0.030170392953929537,0.04440921409214092,0.014238821138211386,1.4719468241581803,9,30.654878048780493
CNPIX8-Allan,imec0,PrL,6,0.030170392953929537,0.04584620596205963,0.01567581300813009,1.5195760304503556,12,48.300000000000004
CNPIX8-Allan,imec0,PrL,7,0.030170392953929537,0.04584620596205963,0.01567581300813009,1.5195760304503556,13,57.84329268292684
CNPIX8-Allan,imec0,PrL,8,0.030170392953929537,0.04584620596205963,0.01567581300813009,1.5195760304503556,14,66.12560975609757
CNPIX8-Allan,imec0,PrL,9,0.030170392953929537,0.04584620596205963,0.01567581300813009,1.5195760304503556,16,80.28231707317073
CNPIX8-Allan,imec0,PrL,10,0.030170392953929537,0.04972273035230352,0.019552337398373983,1.6480637301685324,18,104.92804878048781
CNPIX9-Luigi,imec0,PPC,0,0.0021212606837606837,0.044779914529914526,0.04265865384615384,21.11004784688995,0,0.0
CNPIX9-Luigi,imec0,PPC,1,0.0021212606837606837,0.044779914529914526,0.04265865384615384,21.11004784688995,3,0.0
CNPIX9-Luigi,imec0,PPC,2,0.0021212606837606837,0.05186912393162393,0.04974786324786324,24.45202719717955,11,29.700000000000003
CNPIX9-Luigi,imec0,PPC,3,0.0021212606837606837,0.06631997863247863,0.06419871794871794,31.264417023419792,22,110.96153846153845
CNPIX9-Luigi,imec0,PPC,4,0.0021212606837606837,0.07626655982905982,0.07414529914529913,35.95341223873079,25,146.76923076923077
CNPIX9-Luigi,imec0,PPC,5,0.0021212606837606837,0.081625,0.07950373931623932,38.47947620246789,27,166.0596153846154
CNPIX9-Luigi,imec0,PPC,6,0.0021212606837606837,0.10762500000000001,0.10550373931623933,50.73633845378998,32,259.6596153846154
CNPIX9-Luigi,imec0,PPC,7,0.0021212606837606837,0.12324679487179487,0.12112553418803418,58.10073029463611,36,354.1230769230769
CNPIX9-Luigi,imec0,PPC,8,0.0021212606837606837,0.14056036324786322,0.13843910256410255,66.26265424326365,38,416.4519230769231
CNPIX9-Luigi,imec0,PPC,9,0.0021212606837606837,0.17252510683760686,0.17040384615384618,81.33140266935281,41,531.525
CNPIX9-Luigi,imec0,PPC,10,0.0021212606837606837,0.1823482905982906,0.18022702991452993,85.96222613951146,42,566.8884615384615
CNPIX10-Charles,imec0,CLA,0,0.0010609903381642513,0.01623731884057971,0.01517632850241546,15.303927148548661,0,0.0
CNPIX10-Charles,imec0,CLA,1,0.0010609903381642513,0.01623731884057971,0.01517632850241546,15.303927148548661,0,0.0
CNPIX10-Charles,imec0,CLA,2,0.0010609903381642513,0.01623731884057971,0.01517632850241546,15.303927148548661,0,0.0
CNPIX10-Charles,imec0,CLA,3,0.0010609903381642513,0.01623731884057971,0.01517632850241546,15.303927148548661,4,14.793478260869566
CNPIX10-Charles,imec0,CLA,4,0.0010609903381642513,0.01623731884057971,0.01517632850241546,15.303927148548661,9,35.141304347826086
CNPIX10-Charles,imec0,CLA,5,0.0010609903381642513,0.018747584541062803,0.017686594202898552,17.66989186112692,18,106.66739130434782
CNPIX10-Charles,imec0,CLA,6,0.0010609903381642513,0.018747584541062803,0.017686594202898552,17.66989186112692,21,125.18478260869564
CNPIX10-Charles,imec0,CLA,7,0.0010609903381642513,0.018747584541062803,0.017686594202898552,17.66989186112692,22,137.58913043478262
CNPIX10-Charles,imec0,CLA,8,0.0010609903381642513,0.019928743961352656,0.018867753623188405,18.7831531018782,25,165.63913043478263
CNPIX10-Charles,imec0,CLA,9,0.0010609903381642513,0.019928743961352656,0.018867753623188405,18.7831531018782,32,285.8695652173913
CNPIX10-Charles,imec0,CLA,10,0.0010609903381642513,0.02485144927536232,0.02379045893719807,23.422879908935684,35,329.8782608695652
CNPIX10-Charles,imec0,M2,0,0.003106851851851852,0.024595185185185185,0.02148833333333333,7.9164332121356615,0,0.0
CNPIX10-Charles,imec0,M2,1,0.003106851851851852,0.024595185185185185,0.02148833333333333,7.9164332121356615,0,0.0
CNPIX10-Charles,imec0,M2,2,0.003106851851851852,0.024595185185185185,0.02148833333333333,7.9164332121356615,0,0.0
CNPIX10-Charles,imec0,M2,3,0.003106851851851852,0.024595185185185185,0.02148833333333333,7.9164332121356615,4,15.343333333333334
CNPIX10-Charles,imec0,M2,4,0.003106851851851852,0.024595185185185185,0.02148833333333333,7.9164332121356615,9,35.716
CNPIX10-Charles,imec0,M2,5,0.003106851851851852,0.02702759259259259,0.023920740740740735,8.69935030100733,18,102.20599999999999
CNPIX10-Charles,imec0,M2,6,0.003106851851851852,0.02702759259259259,0.023920740740740735,8.69935030100733,21,117.65799999999999
CNPIX10-Charles,imec0,M2,7,0.003106851851851852,0.02702759259259259,0.023920740740740735,8.69935030100733,22,129.70466666666667
CNPIX10-Charles,imec0,M2,8,0.003106851851851852,0.029268518518518517,0.026161666666666666,9.420635393693747,25,165.836
CNPIX10-Charles,imec0,M2,9,0.003106851851851852,0.029268518518518517,0.026161666666666666,9.420635393693747,32,293.23133333333334
CNPIX10-Charles,imec0,M2,10,0.003106851851851852,0.03411111111111111,0.03100425925925926,10.979316921976515,35,342.1086666666667
CNPIX10-Charles,imec1,mPPC,0,0.021423611111111112,0.049419526143790846,0.027995915032679734,2.3067785298884544,0,0.0
CNPIX10-Charles,imec1,mPPC,1,0.021423611111111112,0.049419526143790846,0.027995915032679734,2.3067785298884544,0,0.0
CNPIX10-Charles,imec1,mPPC,2,0.021423611111111112,0.049419526143790846,0.027995915032679734,2.3067785298884544,0,0.0
CNPIX10-Charles,imec1,mPPC,3,0.021423611111111112,0.049419526143790846,0.027995915032679734,2.3067785298884544,4,17.49264705882353
CNPIX10-Charles,imec1,mPPC,4,0.021423611111111112,0.049419526143790846,0.027995915032679734,2.3067785298884544,9,37.786764705882355
CNPIX10-Charles,imec1,mPPC,5,0.021423611111111112,0.05166952614379085,0.030245915032679736,2.411802841071599,18,114.56470588235294
CNPIX10-Charles,imec1,mPPC,6,0.021423611111111112,0.05166952614379085,0.030245915032679736,2.411802841071599,21,143.10441176470587
CNPIX10-Charles,imec1,mPPC,7,0.021423611111111112,0.05166952614379085,0.030245915032679736,2.411802841071599,22,148.85588235294117
CNPIX10-Charles,imec1,mPPC,8,0.021423611111111112,0.053229983660130716,0.03180637254901961,2.484641052531223,25,171.93235294117648
CNPIX10-Charles,imec1,mPPC,9,0.021423611111111112,0.053229983660130716,0.03180637254901961,2.484641052531223,32,310.5838235294118
CNPIX10-Charles,imec1,mPPC,10,0.021423611111111112,0.058166666666666665,0.03674305555555556,2.7150729335494326,35,351.8573529411765
CNPIX11-Adrian,imec0,Cg1,0,0.0007451131687242799,0.0024706790123456795,0.0017255658436213996,3.3158439765274426,0,0.0
CNPIX11-Adrian,imec0,Cg1,1,0.0007451131687242799,0.0024706790123456795,0.0017255658436213996,3.3158439765274426,0,0.0
CNPIX11-Adrian,imec0,Cg1,2,0.0007451131687242799,0.0024706790123456795,0.0017255658436213996,3.3158439765274426,0,0.0
CNPIX11-Adrian,imec0,Cg1,3,0.0007451131687242799,0.0024706790123456795,0.0017255658436213996,3.3158439765274426,0,0.0
CNPIX11-Adrian,imec0,Cg1,4,0.0007451131687242799,0.0024706790123456795,0.0017255658436213996,3.3158439765274426,1,7.205555555555555
CNPIX11-Adrian,imec0,Cg1,5,0.0007451131687242799,0.0024706790123456795,0.0017255658436213996,3.3158439765274426,1,7.205555555555555
CNPIX11-Adrian,imec0,Cg1,6,0.0007451131687242799,0.0024706790123456795,0.0017255658436213996,3.3158439765274426,1,7.205555555555555
CNPIX11-Adrian,imec0,Cg1,7,0.0007451131687242799,0.0024706790123456795,0.0017255658436213996,3.3158439765274426,1,7.205555555555555
CNPIX11-Adrian,imec0,Cg1,8,0.0007451131687242799,0.0024706790123456795,0.0017255658436213996,3.3158439765274426,1,7.205555555555555
CNPIX11-Adrian,imec0,Cg1,9,0.0007451131687242799,0.0024706790123456795,0.0017255658436213996,3.3158439765274426,1,7.205555555555555
CNPIX11-Adrian,imec0,Cg1,10,0.0007451131687242799,0.0024706790123456795,0.0017255658436213996,3.3158439765274426,1,7.205555555555555
CNPIX11-Adrian,imec1,mPPC,0,0.0,0.00013715277777777776,0.00013715277777777776,,0,0.0
CNPIX11-Adrian,imec1,mPPC,1,0.0,0.00013715277777777776,0.00013715277777777776,,0,0.0
CNPIX11-Adrian,imec1,mPPC,2,0.0,0.00013715277777777776,0.00013715277777777776,,0,0.0
CNPIX11-Adrian,imec1,mPPC,3,0.0,0.00013715277777777776,0.00013715277777777776,,0,0.0
CNPIX11-Adrian,imec1,mPPC,4,0.0,0.00013715277777777776,0.00013715277777777776,,1,7.916666666666666
CNPIX11-Adrian,imec1,mPPC,5,0.0,0.00013715277777777776,0.00013715277777777776,,1,7.916666666666666
CNPIX11-Adrian,imec1,mPPC,6,0.0,0.00013715277777777776,0.00013715277777777776,,1,7.916666666666666
CNPIX11-Adrian,imec1,mPPC,7,0.0,0.00013715277777777776,0.00013715277777777776,,1,7.916666666666666
CNPIX11-Adrian,imec1,mPPC,8,0.0,0.00013715277777777776,0.00013715277777777776,,1,7.916666666666666
CNPIX11-Adrian,imec1,mPPC,9,0.0,0.00013715277777777776,0.00013715277777777776,,1,7.916666666666666
CNPIX11-Adrian,imec1,mPPC,10,0.0,0.00013715277777777776,0.00013715277777777776,,1,7.916666666666666
CNPIX12-Santiago,imec0,M2,0,0.004392249103942652,0.008478046594982079,0.0040857974910394265,1.9302289998469935,0,0.0
CNPIX12-Santiago,imec0,M2,1,0.004392249103942652,0.008478046594982079,0.0040857974910394265,1.9302289998469935,0,0.0
CNPIX12-Santiago,imec0,M2,2,0.004392249103942652,0.008478046594982079,0.0040857974910394265,1.9302289998469935,0,0.0
CNPIX12-Santiago,imec0,M2,3,0.004392249103942652,0.008478046594982079,0.0040857974910394265,1.9302289998469935,0,0.0
CNPIX12-Santiago,imec0,M2,4,0.004392249103942652,0.008478046594982079,0.0040857974910394265,1.9302289998469935,0,0.0
CNPIX12-Santiago,imec0,M2,5,0.004392249103942652,0.008478046594982079,0.0040857974910394265,1.9302289998469935,0,0.0
CNPIX12-Santiago,imec0,M2,6,0.004392249103942652,0.008478046594982079,0.0040857974910394265,1.9302289998469935,0,0.0
CNPIX12-Santiago,imec0,M2,7,0.004392249103942652,0.008478046594982079,0.0040857974910394265,1.9302289998469935,0,0.0
CNPIX12-Santiago,imec0,M2,8,0.004392249103942652,0.008478046594982079,0.0040857974910394265,1.9302289998469935,0,0.0
CNPIX12-Santiago,imec0,M2,9,0.004392249103942652,0.008478046594982079,0.0040857974910394265,1.9302289998469935,0,0.0
CNPIX12-Santiago,imec0,M2,10,0.004392249103942652,0.008478046594982079,0.0040857974910394265,1.9302289998469935,0,0.0
CNPIX12-Santiago,imec0,VO,0,0.0058458994708994695,0.009382275132275133,0.003536375661375663,1.604932684692839,0,0.0
CNPIX12-Santiago,imec0,VO,1,0.0058458994708994695,0.009382275132275133,0.003536375661375663,1.604932684692839,0,0.0
CNPIX12-Santiago,imec0,VO,2,0.0058458994708994695,0.009382275132275133,0.003536375661375663,1.604932684692839,0,0.0
CNPIX12-Santiago,imec0,VO,3,0.0058458994708994695,0.009382275132275133,0.003536375661375663,1.604932684692839,0,0.0
CNPIX12-Santiago,imec0,VO,4,0.0058458994708994695,0.009382275132275133,0.003536375661375663,1.604932684692839,0,0.0
CNPIX12-Santiago,imec0,VO,5,0.0058458994708994695,0.009382275132275133,0.003536375661375663,1.604932684692839,0,0.0
CNPIX12-Santiago,imec0,VO,6,0.0058458994708994695,0.009382275132275133,0.003536375661375663,1.604932684692839,0,0.0
CNPIX12-Santiago,imec0,VO,7,0.0058458994708994695,0.009382275132275133,0.003536375661375663,1.604932684692839,0,0.0
CNPIX12-Santiago,imec0,VO,8,0.0058458994708994695,0.009382275132275133,0.003536375661375663,1.604932684692839,0,0.0
CNPIX12-Santiago,imec0,VO,9,0.0058458994708994695,0.009382275132275133,0.003536375661375663,1.604932684692839,0,0.0
CNPIX12-Santiago,imec0,VO,10,0.0058458994708994695,0.009382275132275133,0.003536375661375663,1.604932684692839,0,0.0
CNPIX12-Santiago,imec1,mPPC,0,0.00508888888888889,0.008590656565656565,0.003501767676767675,1.688120285827709,0,0.0
CNPIX12-Santiago,imec1,mPPC,1,0.00508888888888889,0.008590656565656565,0.003501767676767675,1.688120285827709,0,0.0
CNPIX12-Santiago,imec1,mPPC,2,0.00508888888888889,0.008590656565656565,0.003501767676767675,1.688120285827709,0,0.0
CNPIX12-Santiago,imec1,mPPC,3,0.00508888888888889,0.008590656565656565,0.003501767676767675,1.688120285827709,0,0.0
CNPIX12-Santiago,imec1,mPPC,4,0.00508888888888889,0.008590656565656565,0.003501767676767675,1.688120285827709,0,0.0
CNPIX12-Santiago,imec1,mPPC,5,0.00508888888888889,0.008590656565656565,0.003501767676767675,1.688120285827709,0,0.0
CNPIX12-Santiago,imec1,mPPC,6,0.00508888888888889,0.008590656565656565,0.003501767676767675,1.688120285827709,0,0.0
CNPIX12-Santiago,imec1,mPPC,7,0.00508888888888889,0.008590656565656565,0.003501767676767675,1.688120285827709,0,0.0
CNPIX12-Santiago,imec1,mPPC,8,0.00508888888888889,0.008590656565656565,0.003501767676767675,1.688120285827709,0,0.0
CNPIX12-Santiago,imec1,mPPC,9,0.00508888888888889,0.008590656565656565,0.003501767676767675,1.688120285827709,0,0.0
CNPIX12-Santiago,imec1,mPPC,10,0.00508888888888889,0.008590656565656565,0.003501767676767675,1.688120285827709,0,0.0
CNPIX14-Francis,imec1,V2,0,0.00020944444444444445,0.00644611111111111,0.0062366666666666655,30.777188328912462,0,0.0
CNPIX14-Francis,imec1,V2,1,0.00020944444444444445,0.00644611111111111,0.0062366666666666655,30.777188328912462,0,0.0
CNPIX14-Francis,imec1,V2,2,0.00020944444444444445,0.00808111111111111,0.007871666666666666,38.58355437665782,3,10.432
CNPIX14-Francis,imec1,V2,3,0.00020944444444444445,0.011721111111111111,0.011511666666666667,55.96286472148541,5,23.535999999999998
CNPIX14-Francis,imec1,V2,4,0.00020944444444444445,0.011721111111111111,0.011511666666666667,55.96286472148541,5,23.535999999999998
CNPIX14-Francis,imec1,V2,5,0.00020944444444444445,0.011721111111111111,0.011511666666666667,55.96286472148541,5,23.535999999999998
CNPIX14-Francis,imec1,V2,6,0.00020944444444444445,0.011721111111111111,0.011511666666666667,55.96286472148541,5,23.535999999999998
CNPIX14-Francis,imec1,V2,7,0.00020944444444444445,0.011721111111111111,0.011511666666666667,55.96286472148541,5,23.535999999999998
CNPIX14-Francis,imec1,V2,8,0.00020944444444444445,0.011721111111111111,0.011511666666666667,55.96286472148541,5,23.535999999999998
CNPIX14-Francis,imec1,V2,9,0.00020944444444444445,0.011721111111111111,0.011511666666666667,55.96286472148541,5,23.535999999999998
CNPIX14-Francis,imec1,V2,10,0.00020944444444444445,0.011721111111111111,0.011511666666666667,55.96286472148541,5,23.535999999999998
CNPIX16-Walter,imec0,M1,0,0.0031335282651072122,0.0069417641325536066,0.0038082358674463943,2.2153188180404357,0,0.0
CNPIX16-Walter,imec0,M1,1,0.003519980506822612,0.0069417641325536066,0.0034217836257309947,1.9721030042918457,4,6.364912280701754
CNPIX16-Walter,imec0,M1,2,0.0037334307992202727,0.008378898635477583,0.00464546783625731,2.244289257277118,16,35.52280701754386
CNPIX16-Walter,imec0,M1,3,0.0037334307992202727,0.009280458089668616,0.005547027290448344,2.4857720924161337,21,49.69210526315789
CNPIX16-Walter,imec0,M1,4,0.0037334307992202727,0.012420077972709552,0.008686647173489279,3.3267197493799765,27,85.5657894736842
CNPIX16-Walter,imec0,M1,5,0.0037334307992202727,0.01440497076023392,0.010671539961013648,3.858373580472524,31,103.52280701754387
CNPIX16-Walter,imec0,M1,6,0.005799951267056531,0.01440497076023392,0.00860501949317739,2.4836365164054954,34,124.78771929824562
CNPIX16-Walter,imec0,M1,7,0.005799951267056531,0.01440497076023392,0.00860501949317739,2.4836365164054954,36,149.4078947368421
CNPIX16-Walter,imec0,M1,8,0.005799951267056531,0.018092105263157895,0.012292153996101365,3.1193547031886735,43,231.12456140350878
CNPIX16-Walter,imec0,M1,9,0.005799951267056531,0.018092105263157895,0.012292153996101365,3.1193547031886735,44,243.8763157894737
CNPIX16-Walter,imec0,M1,10,0.005799951267056531,0.018092105263157895,0.012292153996101365,3.1193547031886735,45,262.3219298245614
CNPIX17-Hans,imec0,M1,0,0.0014292328042328044,0.019700066137566138,0.018270833333333333,13.78366496992133,0,0.0
CNPIX17-Hans,imec0,M1,1,0.0014292328042328044,0.019700066137566138,0.018270833333333333,13.78366496992133,0,0.0
CNPIX17-Hans,imec0,M1,2,0.0014292328042328044,0.019700066137566138,0.018270833333333333,13.78366496992133,2,6.205952380952381
CNPIX17-Hans,imec0,M1,3,0.0014292328042328044,0.02396660052910053,0.022537367724867724,16.76885701064322,9,25.53333333333333
CNPIX17-Hans,imec0,M1,4,0.0014292328042328044,0.02471494708994709,0.023285714285714285,17.29245719574271,12,35.42857142857143
CNPIX17-Hans,imec0,M1,5,0.0014292328042328044,0.02760846560846561,0.026179232804232806,19.316982878297082,15,59.445238095238096
CNPIX17-Hans,imec0,M1,6,0.0014292328042328044,0.03123809523809524,0.029808862433862434,21.85654789449329,18,87.76666666666667
CNPIX17-Hans,imec0,M1,7,0.0014292328042328044,0.03123809523809524,0.029808862433862434,21.85654789449329,18,87.76666666666667
CNPIX17-Hans,imec0,M1,8,0.0014292328042328044,0.03460284391534391,0.03317361111111111,24.210782045349372,20,120.09880952380952
CNPIX17-Hans,imec0,M1,9,0.0014292328042328044,0.03767989417989418,0.03625066137566138,26.363720499768625,21,131.17619047619047
CNPIX17-Hans,imec0,M1,10,0.0014292328042328044,0.03767989417989418,0.03625066137566138,26.363720499768625,21,131.17619047619047
CNPIX17-Hans,imec1,V2,0,0.0021444444444444445,0.009650925925925927,0.007506481481481483,4.5004317789291886,0,0.0
CNPIX17-Hans,imec1,V2,1,0.0021444444444444445,0.009650925925925927,0.007506481481481483,4.5004317789291886,0,0.0
CNPIX17-Hans,imec1,V2,2,0.0021444444444444445,0.009650925925925927,0.007506481481481483,4.5004317789291886,2,5.226666666666667
CNPIX17-Hans,imec1,V2,3,0.0021444444444444445,0.01228888888888889,0.010144444444444446,5.730569948186529,9,27.793333333333333
CNPIX17-Hans,imec1,V2,4,0.0021444444444444445,0.013390740740740743,0.0112462962962963,6.244386873920553,12,39.25666666666667
CNPIX17-Hans,imec1,V2,5,0.0021444444444444445,0.01478703703703704,0.012642592592592594,6.895509499136443,15,61.516666666666666
CNPIX17-Hans,imec1,V2,6,0.0021444444444444445,0.016949074074074075,0.01480462962962963,7.903713298791019,18,78.37666666666667
CNPIX17-Hans,imec1,V2,7,0.0021444444444444445,0.016949074074074075,0.01480462962962963,7.903713298791019,18,78.37666666666667
CNPIX17-Hans,imec1,V2,8,0.0021444444444444445,0.020161111111111116,0.01801666666666667,9.40155440414508,20,105.57666666666667
CNPIX17-Hans,imec1,V2,9,0.0021444444444444445,0.023553703703703705,0.02140925925925926,10.983592400690847,21,117.79
CNPIX17-Hans,imec1,V2,10,0.0021444444444444445,0.023553703703703705,0.02140925925925926,10.983592400690847,21,117.79
CNPIX18-Pier,imec0,V2,0,0.003265277777777778,0.006788194444444443,0.003522916666666665,2.078902594640578,0,0.0
CNPIX18-Pier,imec0,V2,1,0.003265277777777778,0.006788194444444443,0.003522916666666665,2.078902594640578,0,0.0
CNPIX18-Pier,imec0,V2,2,0.003265277777777778,0.006788194444444443,0.003522916666666665,2.078902594640578,1,4.9174999999999995
CNPIX18-Pier,imec0,V2,3,0.003970833333333334,0.006788194444444443,0.002817361111111109,1.7095138160195866,9,40.42
CNPIX18-Pier,imec0,V2,4,0.003970833333333334,0.006788194444444443,0.002817361111111109,1.7095138160195866,10,42.97
CNPIX18-Pier,imec0,V2,5,0.003970833333333334,0.006788194444444443,0.002817361111111109,1.7095138160195866,16,82.3225
CNPIX18-Pier,imec0,V2,6,0.003970833333333334,0.008011805555555555,0.004040972222222221,2.017663518712836,20,114.4475
CNPIX18-Pier,imec0,V2,7,0.003970833333333334,0.010122222222222222,0.006151388888888888,2.549143057012941,23,138.1025
CNPIX18-Pier,imec0,V2,8,0.003970833333333334,0.010122222222222222,0.006151388888888888,2.549143057012941,25,149.6625
CNPIX18-Pier,imec0,V2,9,0.003970833333333334,0.010122222222222222,0.006151388888888888,2.549143057012941,26,163.4425
CNPIX18-Pier,imec0,V2,10,0.003970833333333334,0.010122222222222222,0.006151388888888888,2.549143057012941,26,163.4425
CNPIX19-Otto,imec0,V2,0,0.0,0.0,0.0,,0,0.0
CNPIX19-Otto,imec0,V2,1,0.0,0.0,0.0,,0,0.0
CNPIX19-Otto,imec0,V2,2,0.0,0.000410218253968254,0.000410218253968254,,1,1.4767857142857144
CNPIX19-Otto,imec0,V2,3,0.0,0.0007182539682539683,0.0007182539682539683,,2,2.585714285714286
CNPIX19-Otto,imec0,V2,4,0.0,0.0007182539682539683,0.0007182539682539683,,2,2.585714285714286
CNPIX19-Otto,imec0,V2,5,0.0,0.002753968253968254,0.002753968253968254,,4,9.914285714285715
CNPIX19-Otto,imec0,V2,6,0.0,0.00768154761904762,0.00768154761904762,,6,27.653571428571432
CNPIX19-Otto,imec0,V2,7,0.0,0.009334325396825398,0.009334325396825398,,7,33.603571428571435
CNPIX19-Otto,imec0,V2,8,0.0,0.009334325396825398,0.009334325396825398,,7,33.603571428571435
CNPIX19-Otto,imec0,V2,9,0.0,0.009334325396825398,0.009334325396825398,,7,33.603571428571435
CNPIX19-Otto,imec0,V2,10,0.0,0.009334325396825398,0.009334325396825398,,7,33.603571428571435
